url,keyword,owner_handle,owner_name,caption,transcript,views,thumbnail,location_name,us_decision,relevance_decision,discovered_at,updated_at,status
https://www.instagram.com/reel/C_7_wm7NN8s,nykaa fashion,caseology.startups,Caseology,"Nykaa, a beauty and fashion ecommerce company has been pulled down by Kotak Institutional Equities in this quarter as the company faces issues related to the increase in fulfilment cost and competition from the players in the quick commerce space. The brokerage has reduced the fair value by INR 5 to INR 190 and cut its EBITDA estimates for the next three fiscal year.

.

.

üîó To read more, click on the link in bio!
.

.

#nykaa #ecommercebusiness #downgraded #beautyproducts #profit #majorboost #expansion #breakingnews #startup #entrepreneur #millionairemindset #casestudy #business #marketing #strategies #startups #entreprenuer #startupnews #business #inspiration #watchthisspace #businessnews #branding #growth #funding #strategy #caseology #caseitaceit",Storm.,36,https://instagram.fbom36-1.fna.fbcdn.net/v/t51.2885-15/503379710_3145130718961462_964220356770129561_n.jpg?stp=c0.457.1180.1180a_dst-jpg_e35_s640x640_sh0.08_tt6&_nc_ht=instagram.fbom36-1.fna.fbcdn.net&_nc_cat=110&_nc_oc=Q6cZ2QF7Z5u6-kH3s12_70qOJp1Po4hQIeqssfd3dpFZFAYE1GAdfVr1diU0IkCDUcnxmpI&_nc_ohc=FcqW2zXGcIMQ7kNvwF8P4hm&_nc_gid=6nZM1og_V0Gp-sieZKBoTQ&edm=ANTKIIoBAAAA&ccb=7-5&oh=00_AffOttSxSgHTbqKgqQYKovyod63BmwNq6QYqEPwULcL4vg&oe=68F2E908&_nc_sid=d885a2,,,,2025-10-13T15:57:11.740Z,2025-10-13T15:57:54.210Z,transcript_fetched
https://www.instagram.com/reel/DIN_KXss6aW,nykaa fashion,madaboutmarketingg,Mad About Marketing,"From catwalk to forecast‚ÄîSharvari & Sheeba Chaddha bring the sass and sunshine in Nykaa Fashion‚Äôs latest ad ‚òÄÔ∏èüëó
Get ready to slay the heatwave with outfits hotter than the temps!
Because fashion isn‚Äôt just what you wear‚Äîit‚Äôs how you predict the season üòé

#NykaaFashion #StyleForecast #SummerLooks #SharvariWagh #SheebaChaddha #SassyAndStylish #madaboutmarketing #madaboutmarketingg","My little sunshine. Itni der kyu laga di aane me? I just want to know what's my fashion kundli.
And, and what are the new trends I should be buying? I see, I see polka dots, spot on! I see! I see frilly tops, yes, yes.
Denim on denim, denim on denim, denim on denim.
Where's what's next on Nykaa fashion? Latest trends all in one place. Shop now!",624,https://instagram.fres2-1.fna.fbcdn.net/v/t51.2885-15/489687900_18038999990643236_8776632143087373227_n.jpg?stp=c0.420.1080.1080a_dst-jpg_e35_s640x640_sh0.08_tt6&_nc_ht=instagram.fres2-1.fna.fbcdn.net&_nc_cat=108&_nc_oc=Q6cZ2QHMq58cXF2bXuZmyhIeToFsRcitFed-C7Jlaswz4UyaoU6NH2982GMpRlr-WyphZbI&_nc_ohc=Cy0dTIuwk1wQ7kNvwEogwR3&_nc_gid=fZI_I1ku9S5d6kQ4VviGiw&edm=ANTKIIoBAAAA&ccb=7-5&oh=00_AfdXTnowPienOwN9OuTWSaluni1u9hNkbj0To0UYwoM_dg&oe=68F2D952&_nc_sid=d885a2,,,,2025-10-13T15:57:11.740Z,2025-10-13T15:57:54.210Z,transcript_fetched
https://www.instagram.com/reel/C_na4DBOjLU,nykaa fashion,thewomenpreneurind,Womenpreneur India,"Nykaa on Friday announced the appointment of Sukhleen Aneja as Senior Vice President and Business Head for Kay Beauty.Kay Beauty is Nykaa‚Äôs celebrity beauty brand launched in partnership with Katrina Kaif.
Read full article , Link in bio.

#Nykaa #kaybeauty #SukhleenAneja #businessheadshots #SeniorVicePresident #katrinakaif #BeautyIndustry #leadershipannouncement #celebritybrand #nykaaupdates",,1490,https://scontent-gru1-1.cdninstagram.com/v/t51.2885-15/497495873_1034205152022484_5852812276923211835_n.jpg?stp=c0.124.320.320a_dst-jpg_e15_tt6&_nc_ht=scontent-gru1-1.cdninstagram.com&_nc_cat=104&_nc_oc=Q6cZ2QEZWjPJV_J7qC9jOX_V3I7DC6IScSWf7Zf22g9WtG-4TpFuzcIR2pwOklr9Os9da8s&_nc_ohc=EkYHUiXv9iEQ7kNvwFSjehp&_nc_gid=lmWdGGKie-6l5x2N1h6x0Q&edm=ANTKIIoBAAAA&ccb=7-5&oh=00_Afe5JkmA1k32fi_wa36jmkQyIRCrjMU1Xg2IbdJyva5npg&oe=68F2EB14&_nc_sid=d885a2,,,,2025-10-13T15:57:11.740Z,2025-10-13T15:57:54.210Z,transcript_fetched
https://www.instagram.com/reel/DBjXX13StYM,nykaa fashion,thefeaturist,Bhakti Chuganee,Nykaaland 2.0 is finally here at the Mahalaxmi Race Course from October 25-27. #nykaaland #nykaa #nykaabeauty #charlottetilbury #maxfactor #lakm√© #ceraveskincare #toofaced #kay #beminimalist #ponds #lauramercier #maccosmetics,"(Upbeat, bouncy music)",137,https://instagram.fbzy1-1.fna.fbcdn.net/v/t51.2885-15/504187056_919914070247639_1410124004964765854_n.jpg?stp=c0.420.1080.1080a_dst-jpg_e35_s640x640_sh0.08_tt6&_nc_ht=instagram.fbzy1-1.fna.fbcdn.net&_nc_cat=111&_nc_oc=Q6cZ2QG3k3UK9pgmQ09sneNal2ngkH0dxufTOC7jIl9dIo8Z2mT7VlgNbMRNDUoeMEXEYNU&_nc_ohc=R_3DlEixTMwQ7kNvwHCzuYP&_nc_gid=p81Tpz2PgcpLoCYNBt9rQg&edm=ANTKIIoBAAAA&ccb=7-5&oh=00_AfcUx8DHf2ahbTDwE9ithDNED1oT9qdwHMFEilY4wKRhHQ&oe=68F302B5&_nc_sid=d885a2,,,,2025-10-13T15:57:11.740Z,2025-10-13T15:57:54.210Z,transcript_fetched
https://www.instagram.com/reel/DLg3eBsImUg,nykaa fashion,zora_themall,Zora The Mall Raipur,"Made to feel like you, @nykdbynykaa is now open at Zora The Mall! ‚ú®ü§©

Discover innerwear that fits, supports, and moves with you, because confidence starts with comfort! 

üìçZora The Mall, Serikhedi, Jora, Raipur, Chhattisgarh.

(Nykd by Nykaa, Intimatewear, Women‚Äôs Essentials, Zora, Raipur, Largest Mall, Zora The Mall, PVR LUXE, Shopping, Entertainment)",,196,https://instagram.fisu4-4.fna.fbcdn.net/v/t51.2885-15/515096200_17869524810395336_8414094288338158516_n.jpg?stp=c0.303.780.780a_dst-jpg_e15_s640x640_tt6&_nc_ht=instagram.fisu4-4.fna.fbcdn.net&_nc_cat=108&_nc_oc=Q6cZ2QHev1M2BkXIHwHK_WYkia8YSwF8fLSWDhitEYqsYhLWH4VBsAxhTFVdAjiExf6HFVU&_nc_ohc=Z05dpyyLfYoQ7kNvwHPdko-&_nc_gid=OCZnhckdlVEJaqvL7mFLZQ&edm=ANTKIIoBAAAA&ccb=7-5&oh=00_Aff6WNxddwhAEl0F--ISvkM-ClTz0zmUZbiJjRDpfjphaw&oe=68F2F837&_nc_sid=d885a2,Zoraa The Mall,,,2025-10-13T15:57:11.740Z,2025-10-13T15:57:54.210Z,transcript_fetched
https://www.instagram.com/reel/DPi2ja5jW4k,nykaa fashion,im.richasharma,Richa SharmaüçÄ,"If they want to paint you as a villain, then pose darlingüòé

#explore #explorepage #fyp #reelsinstagram #reels #loveyourself #reels #instagram #insta #gemini #prompts #prompt #geminitrend #viral #google #reelkrofeelkaro #festive #festivelook #trend #trends #follow4follow #girlsgirl #girl #girls #shotoniphone #foryou #foryoupage",,253,https://instagram.fadd2-1.fna.fbcdn.net/v/t51.2885-15/562950245_18427416454100216_3783965688678563130_n.jpg?stp=c0.223.577.577a_dst-jpg_e15_tt6&_nc_ht=instagram.fadd2-1.fna.fbcdn.net&_nc_cat=108&_nc_oc=Q6cZ2QHA592NkiPuTVoR_HSQfbgWfTtiK2c5zto6xJRaBVOTllmvgVl8aDUtgntPTRYYEM4&_nc_ohc=3EGaqQHz69cQ7kNvwHlbSub&_nc_gid=LG332j8csItb0XiwrrIFEA&edm=ANTKIIoBAAAA&ccb=7-5&oh=00_AfdVZV5z6fRf5G5-dFJmniE5s1GIm0PwaW_2FbDgiS3OIg&oe=68F2F7B8&_nc_sid=d885a2,Somewhere On Earth,,,2025-10-13T15:57:11.740Z,2025-10-13T15:57:32.602Z,hydrated
https://www.instagram.com/reel/C4va-Izp0WU,nykaa fashion,_salonii_shah_,Saloni S Shahüßø,"If your aesthetic is same as mine, then you‚Äôll surely fall in love w @kina.label ‚Äòs mind blowing collection. Ditch your plain boring outfits & elevate your look by upgrading your wardrobe by this brand. It‚Äôs a slow & sustainable homegrown label that uses the best fabric. Be the headturner wherever you go‚ú® 
Go to their website & don‚Äôt forget to share this reel with someone who‚Äôd love these outfits & would look stunning in them!! 

[ honest reviews, non sponsored review, homegrown label, home grown label, sustainable clothing, sustainable fashion, slow fashion, small business, Indian small business, women owned small business, support local, support sustainable fashion, kina label ] 

#slowfashion #sustainablefashion #homegrownlabels #slowfashionmovement #supportsustainablebusinesses #smallbusiness #smallbusinessfinds #nonsponsored #nonsponsoredreview #honestreview #homegrownbrands #kinalabel #label #indianfashion #indowestern #grwm #meeshofinds #grwmforwedding #brotherswedding #flowyoutfits #findyourfit #allsizesarebeautiful #haldioutfit #haldioutfit #indianoutfitideas #blowthisup #supportsmallbusiness #explorepage",,7174,https://instagram.fgig20-1.fna.fbcdn.net/v/t51.2885-15/501290572_1375597423707736_6465453173535904742_n.jpg?stp=c0.882.2268.2268a_dst-jpg_e35_s640x640_sh0.08_tt6&_nc_ht=instagram.fgig20-1.fna.fbcdn.net&_nc_cat=104&_nc_oc=Q6cZ2QG3cznj18i4e5g-IqB5Sm_WNsAzhUxii7_WhmyTw5ZH7iM6-KrzGCR-wI2wiTPX2JQ&_nc_ohc=_b5FN5nY0KUQ7kNvwHBjhym&_nc_gid=9roTtPzzdaJCwYfKMSpccw&edm=ANTKIIoBAAAA&ccb=7-5&oh=00_AfdEA4smI3qsDqCZe4Qs72RcGe9YS7KU9t41_OEVSqq3RA&oe=68F3032A&_nc_sid=d885a2,,,,2025-10-13T15:57:11.740Z,2025-10-13T15:57:32.602Z,hydrated
https://www.instagram.com/reel/C5SlW3WJuTW,nykaa fashion,miss_manchandaa,Garima Manchanda,"Phoenix United Mall located in Alambagh offers a diverse range. Range of popular brands including Nykaa sugar, colorbar. Moreover, the ground floor of the mall is dedicated to hosting engaging activities.
My personal experience at the mall was incredibly positive and I would highly recommend a visit to anyone looking for an enjoyable shopping.

#pheonixunitedlucknow #pheonixunited 
#nykaa #nykaacosmetics #nykaaontrend #nykaabeautybook #nykaabeauty #nykaafashion #sugar #sugarcosmetics #colorbar",,1503,https://instagram.fktm18-1.fna.fbcdn.net/v/t51.2885-15/502138333_915114107383036_3271880244530178768_n.jpg?stp=c0.502.1290.1290a_dst-jpg_e35_s640x640_sh0.08_tt6&_nc_ht=instagram.fktm18-1.fna.fbcdn.net&_nc_cat=104&_nc_oc=Q6cZ2QEAGf2ow1OvHdD_-5A9C6K0iRPTuI1T9rSKCXWk-8Pl-aIYAQAri5pA2rIDOFH6xds&_nc_ohc=UPxxZuhlhicQ7kNvwGU9qmP&_nc_gid=89mpoHN6yWPC6Og0E8SUhw&edm=ANTKIIoBAAAA&ccb=7-5&oh=00_AfdECQaJP4YcxUv-fyWt0kG4hAizgr2lpPMR1DhMSejhrA&oe=68F2F68B&_nc_sid=d885a2,,,,2025-10-13T15:57:11.740Z,2025-10-13T15:57:32.602Z,hydrated
https://www.instagram.com/reel/DBtJllrq0DG,nykaa fashion,yuvikapanchall,Yuvika Yatin Panchal,"So glad to be a part of Nykaaland‚Äôs magic‚ú®ü©∑üßø
.
.
.
.
Nykaaland, Nykaa, Beauty, Makeup, Festival, Trending
#nykaaland #foryoupageüíô #nykaaland2024 #fyp„Ç∑ #reelsindia #nykaa #nykaafashion #mynykaa #nykaabeauty #reelsinstagram #trendingaudio #explorepage #borabora #fypppppppppppppppppppppppppppppppppppppppppppppppppppppppppppppppppppppp",,3924,https://instagram.fpmg1-1.fna.fbcdn.net/v/t51.2885-15/503033297_1045743693803374_6529942224887566775_n.jpg?stp=c0.280.720.720a_dst-jpg_e15_s640x640_tt6&_nc_ht=instagram.fpmg1-1.fna.fbcdn.net&_nc_cat=110&_nc_oc=Q6cZ2QGjI8QPDp2aAMwMMTSP2ULFghIqBaSHtr4BfujVVMY8KjQJ7ioIW-bAXDcKjNvThGU&_nc_ohc=MXwiRKYyRYYQ7kNvwGS6z_e&_nc_gid=lQmA3UgL-z4A8pYHJsLNFw&edm=ANTKIIoBAAAA&ccb=7-5&oh=00_AfcmOsBFwc5LWh9nKFYkLCoIlS-3cmuLNfsbuWR22ITXXA&oe=68F2F7C5&_nc_sid=d885a2,Mahalaxmi Racecourse,,,2025-10-13T15:57:11.740Z,2025-10-13T15:57:32.602Z,hydrated
https://www.instagram.com/reel/DO_FRJgj1m9,nykaa fashion,gud.gum,Gud Gum | Planet-friendly chewing gum,"Who knew chewing plastic all this while was a thing? ü§Ø Meet Gud Gum ‚Äî India‚Äôs first plastic-free, sugar-free, vegan gum. And guess what? The Shark Tank folks believed in us so much, they invested. ü¶à Ready to chew change? üíö #GudGumRevolution
.
.
.
.
.
#GudGum #PlasticFree #VeganGum #SugarFreeGum #EcoFriendlyLiving #SustainableChoices #ZeroWaste #CleanChew #HealthyMouth #EarthFriendly #VeganLifestyle #EthicalBrands #SharkTankIndia #StartupLife #IndianStartup #BetterChew #PlasticFreeIndia #PlanetOverPlastic #GumRevolution #ChewGreen #HealthAndWellness #EcoWarrior #MindfulConsumption #NaturalProducts #EcoBrands #GreenProducts #SustainableBrands #OrganicLifestyle #CleanLiving",,2632,https://scontent-cdg4-3.cdninstagram.com/v/t51.2885-15/553312780_1113858537627282_2937851050285228364_n.jpg?stp=c0.248.640.640a_dst-jpg_e15_tt6&_nc_ht=scontent-cdg4-3.cdninstagram.com&_nc_cat=106&_nc_oc=Q6cZ2QEmdIJfa5k1X6BZ7qhtflPVRrzEE9LLs32Zec0qIdWQwveNTEXu-aShaqo7iSHxrPQ&_nc_ohc=lhnS39RB5_QQ7kNvwGTjAH5&_nc_gid=H3chymVUn8hJlkzQx5NGMg&edm=ANTKIIoBAAAA&ccb=7-5&oh=00_AfdTGl96rOIiJ6LAwAh1hNh1QQwBuaAWNHiSYZLyeDrGYA&oe=68F2D8FC&_nc_sid=d885a2,,,,2025-10-13T15:57:11.740Z,2025-10-13T15:57:32.602Z,hydrated
https://www.instagram.com/reel/DC_ZaUuIOaL,nykaa fashion,letstalkwithdevnag,Lets Talk with Devnag,"This is a real pinch me kind of feeling. Sitting down with @falguninayar and asking her about everything from building a game-changing brand like Nykaa, to motherhood and relationship with money, I feel privileged that she trusted me with this interview. This is a small excerpt where she talks about empower over power, loving spreadsheets and gardens but not necessarily money or glory. @nykaacosmetics @mynykaa #falguninayar #nykaa #nykaabeauty #nykaacosmetics #nykaawomen #entrepreneur #entrepreneurship #banker #money #power #buildingbrands #empowerwomen #nykaafashion #empoweringyourself #unicorn #femalepower #breakbarriers #letstalk",,3929,https://instagram.fesb3-1.fna.fbcdn.net/v/t51.2885-15/468810833_18291060625209099_6211049470468462237_n.jpg?stp=c0.280.720.720a_dst-jpg_e15_s640x640_tt6&_nc_ht=instagram.fesb3-1.fna.fbcdn.net&_nc_cat=103&_nc_oc=Q6cZ2QEmkCPTduR8Q0td95AU8-nN8k_b5nM9tmj7RYX-CMV_9Tsk7NRcvfnjXA5WTIPiWGs&_nc_ohc=TGOH-0vPHisQ7kNvwH2QOJ4&_nc_gid=pd5WMG4D_t3lpv0oJSDOXA&edm=ANTKIIoBAAAA&ccb=7-5&oh=00_AfepCcRnFoPkVZ6Gl8a-IJVkRL4-N_vthpttXDnij_qaOQ&oe=68F30090&_nc_sid=d885a2,,,,2025-10-13T15:57:11.740Z,2025-10-13T15:57:32.602Z,hydrated
https://www.instagram.com/reel/C2jfpSPxfoo,nykaa fashion,shrutizworld,Shruti Chauhan,"#AbLikhoApniKahani 
‚ÄúBoot, Wings, and Heels‚Äù

From serving the Indian Airforce to balancing all household responsibilities as well as pursuing the passion of being Mrs India Inc and Mrs India Galaxy 2021 my life story truly embodies the idea of ‚ÄúBoot,Wings and Heels‚Äù 
üáÆüá≥ü™∑

#nykaafashion #Likha #AbLikhoApniKahani #NykaaFashion #Indianwear #Ethnicwear #WomenOfLikha
#AnantSutra #EndlessThread #WomenPower #WeaversOfIndia #pilotlife #womenpilot #iafwomen #thankyougod #Republic Day #Fauji #Proudindian #womeninuniform @shrutizworld @nykaafashion @likhaforyou  VC @yuvikazworld",,13786,https://scontent-gru2-1.cdninstagram.com/v/t51.2885-15/503690106_1867496654037991_6913500895292687673_n.jpg?stp=c0.882.2268.2268a_dst-jpg_e35_s640x640_sh0.08_tt6&_nc_ht=scontent-gru2-1.cdninstagram.com&_nc_cat=107&_nc_oc=Q6cZ2QEy8UmnjODk-5ytZ5agPX1OHdWskZ9fhlwvnbsW-M-_DN_NG9_ZKH_7nCV7d-tq82Q&_nc_ohc=cIfipUcfY4gQ7kNvwF2qnrH&_nc_gid=WPpJ7T_FlKMi87R0UO9Rgw&edm=ANTKIIoBAAAA&ccb=7-5&oh=00_Afenz2F7Orow-qKDR74-oB_Qj5jCftvV3wcoq_5ILUxlnQ&oe=68F3074D&_nc_sid=d885a2,,,,2025-10-13T15:57:11.740Z,2025-10-13T15:57:32.602Z,hydrated
https://www.instagram.com/reel/DOZI9kdE0Cc,nykaa fashion,billionsmedia.in,Billions Media,"Sunny Leone turned her passion for beauty into a bold entrepreneurial move. In 2018, she invested ‚Çπ10 lakh of her own money to launch StarStruck, a cruelty-free, PETA-certified cosmetics brand. Unlike many celebrity labels, this wasn‚Äôt just a name attached to a product ‚Äî Sunny was deeply involved in every detail, from packaging to product creation.

Today, StarStruck offers 260+ products‚Äîfrom lipsticks and eyeliners to foundations‚Äîbuilt around ethics, affordability, and inclusivity. Despite the highly competitive beauty market and challenges around her public image, Sunny grew the brand without external investors, proving herself as a determined entrepreneur with grit and vision.

Now a ‚Çπ10 Cr+ global brand, StarStruck is available across India, North America, the UK, and Europe, with plans to expand into fragrances, innerwear, and offline retail.

From being India‚Äôs most Googled celebrity to building one of its most authentic beauty brands, Sunny Leone‚Äôs journey shows how glam and grit together can create lasting success.
.
.
.
#businesswomen #BusinessGrowth #startup #beautybrands #sunnyleone #starstruck #inspiration #marketing #billionsmedia",,6884,https://instagram.faep28-1.fna.fbcdn.net/v/t51.2885-15/546222822_1464033878156758_4928034672072241186_n.jpg?stp=c0.80.640.640a_dst-jpg_e15_tt6&_nc_ht=instagram.faep28-1.fna.fbcdn.net&_nc_cat=110&_nc_oc=Q6cZ2QHBKM8QHOjGHjwnwDDVxRlfGpaP9Q2S4LCqm_sfZEBGdatjs3piAkRICnmRe32DjH0&_nc_ohc=sYBNgi10VmAQ7kNvwEivned&_nc_gid=3E4Vud532WaquJYz849wUw&edm=ANTKIIoBAAAA&ccb=7-5&oh=00_Aff-z2QafGgxM4ycHky3M-qK69TCDQfnaiPUuysrGvJ_-A&oe=68F2E75A&_nc_sid=d885a2,,,,2025-10-13T15:57:11.740Z,2025-10-13T15:57:32.602Z,hydrated
https://www.instagram.com/reel/DOtjmWwjsQm,nykaa fashion,celestia_magazine,CELESTIA MAGAZINE,"Behind the glossy headlines, funding rounds, and ‚Äúsuccess stories‚Äù lies a truth that‚Äôs often left unspoken ‚Äî many founders battle with depression in silence. 

The pressure to perform, the constant uncertainty, the loneliness of leadership, and the weight of responsibility can turn the dream of entrepreneurship into an emotional battlefield. 

While the world applauds the hustle, few talk about the sleepless nights, the anxiety, and the invisible scars carried by those building the future.‚Å†
‚Å†
Founder depression isn‚Äôt a weakness. It‚Äôs a very real reminder that ambition without emotional grounding can come at a cost ‚Äî and it‚Äôs time we start talking about it.

#founder #depression #trending #issues #mental #love #funny #viral #video #fyi #pov #media #bollywood #r√©el #top #fan #india #female #business",,63,https://instagram.fmnl25-3.fna.fbcdn.net/v/t51.2885-15/550893405_18071919983126682_6177965210802964456_n.jpg?stp=c0.420.1080.1080a_dst-jpg_e35_s640x640_sh0.08_tt6&_nc_ht=instagram.fmnl25-3.fna.fbcdn.net&_nc_cat=106&_nc_oc=Q6cZ2QEBa7w0uTkgtMfovfSV7zW828C9VEiYcNOW8o2CgDvMU3ER2W3OipeZsc3Ydn6aOsU&_nc_ohc=uf81MinV56cQ7kNvwH1ZFW_&_nc_gid=_cNvAKsGjlLhQmbkF7d1KQ&edm=ANTKIIoBAAAA&ccb=7-5&oh=00_AffgNW_5Gw0oZAbBgIdpIsp7w5d-dY6Tdf5pdaPrqCp8Nw&oe=68F304FB&_nc_sid=d885a2,,,,2025-10-13T15:57:11.740Z,2025-10-13T15:57:32.602Z,hydrated
https://www.instagram.com/reel/DG5hifUo_N-,nykaa fashion,celestia_magazine,CELESTIA MAGAZINE,"Empowered woman empower women! 

Dr. Mandeep Rai, global authority on values and bestselling author of The Values Compass, will be talking to us tonight and giving us insights if Accelerating action! 

 Her insights on leadership, purpose, and the power of values will inspire and empower us all. 

Stay tuned for an glimpses from the event !",,365,https://scontent-dfw5-2.cdninstagram.com/v/t51.2885-15/482793977_18053954075126682_9086158519912018238_n.jpg?stp=c0.280.720.720a_dst-jpg_e15_s640x640_tt6&_nc_ht=scontent-dfw5-2.cdninstagram.com&_nc_cat=106&_nc_oc=Q6cZ2QEnQMmrhZRBJhgBpfUdDmmwqFA5uICCwQWFes0kuJG4Lj1ZPmK5u5YhPhQFiz7tmL4&_nc_ohc=e4pFVR1tw_cQ7kNvwHDMR8L&_nc_gid=kyY0YAEUB7RAWjUHt4oL2w&edm=ANTKIIoBAAAA&ccb=7-5&oh=00_Afd0CGdYtHS3iveui8PQFO5CwKVhCfYb_yQ9aMRkfC76XA&oe=68F30930&_nc_sid=d885a2,"London, United Kingdom",,,2025-10-13T15:57:11.740Z,2025-10-13T15:57:32.602Z,hydrated
https://www.instagram.com/reel/CiMF5qDpBNb,nykaa fashion,the.model.vogue,THE MODEL VOGUE,"What happens when you take your off-season as seriously as prep
Physique update: 227lbs 8 Weeks Out",,51,https://instagram.fayp1-1.fna.fbcdn.net/v/t51.2885-15/497221233_1430172268018367_1004892277318242651_n.jpg?stp=c0.280.720.720a_dst-jpg_e15_s640x640_tt6&_nc_ht=instagram.fayp1-1.fna.fbcdn.net&_nc_cat=111&_nc_oc=Q6cZ2QH8ssonE3i15QiG2dvXLKnndz0daCLQgOxVh9jNppQ3Vb5v3tKQQt8_0h3eTNbn8To&_nc_ohc=O1r6uZKYwaAQ7kNvwFidtEa&_nc_gid=gZAx2tocoeIfQvdz007_wA&edm=ANTKIIoBAAAA&ccb=7-5&oh=00_AfeBzpICxof_QBu0jx9ebS7k3tsmeonUgEIOkHjg1Mxu-Q&oe=68F2D859&_nc_sid=d885a2,,,,2025-10-13T15:57:11.740Z,2025-10-13T15:57:32.602Z,hydrated
https://www.instagram.com/reel/DNK29elK6p9,nykaa fashion,fortune.india,Fortune India,"üö®Global beauty giants choose Nykaa as their partner of choice for India launches, and Anchit Nayyar, ED & CEO, Nykaa Beauty, answers why. 

For more news and updates, follow Fortuneindia.com 

Event Partners: 

‚ú® Lifestyle Partner: Sansaar 

üè• Healthcare Partner: Bombay Hospital 

üìö Knowledge Partner: Galgotias University 

üßò Wellness Partner: Sanskriti Wellness 

üè´ Partner: SSVM 

 

#FortuneIndia #40Under402025 #NextGenLeaders #BusinessIcons #Entrepreneurship #Changemakers #Leadership",,320,https://instagram.fcor13-1.fna.fbcdn.net/v/t51.2885-15/531224693_808105162375331_3461194391735689704_n.jpg?stp=c0.248.640.640a_dst-jpg_e15_tt6&_nc_ht=instagram.fcor13-1.fna.fbcdn.net&_nc_cat=111&_nc_oc=Q6cZ2QFNleFW93XBwDpP883Lurpd4PEvGvrwQiTtq8SkgpJqVzOSmvk49WRm-1ex4j_EwyY&_nc_ohc=Sp67njTEsgkQ7kNvwG-RMDp&_nc_gid=qNh2HInzeYDdHJkYwi2rSQ&edm=ANTKIIoBAAAA&ccb=7-5&oh=00_AfdyZK9nOSaDz3mC6YS2hzXYAwS_ydRWl_meB3PyTv8-Zw&oe=68F2FA3F&_nc_sid=d885a2,,,,2025-10-13T15:57:11.740Z,2025-10-13T15:57:32.602Z,hydrated
https://www.instagram.com/reel/DH-7q4vyAkt,nykaa fashion,madaboutmarketingg,Mad About Marketing,"Nykaa‚Äôs message is clear: Beauty has no limits. üíï Laxmi‚Äôs journey is an inspiration for all to embrace who they truly are. 

#NykaaBeauty #BeautyBeyondScars #RedefiningBeauty #Unstoppable #PowerOfConfidence #SelfLove #madaboutmarketing #madaboutmarketingg",,456,https://instagram.fbom36-1.fna.fbcdn.net/v/t51.2885-15/488182921_18038394605643236_3015066398956054731_n.jpg?stp=c0.280.720.720a_dst-jpg_e15_s640x640_tt6&_nc_ht=instagram.fbom36-1.fna.fbcdn.net&_nc_cat=108&_nc_oc=Q6cZ2QEXJLTsSxdOUyIHwUvbk6gdxbwvUmycBuJRyPQYDE22EcCYnDPgaApAB2CgdV34iV4&_nc_ohc=EqZw1B8vCWkQ7kNvwFpdrCh&_nc_gid=FlEjulHcLfjpRoAxuwJwxQ&edm=ANTKIIoBAAAA&ccb=7-5&oh=00_AfeouGp2E5gckAasGzJfmPDzNXP-0ILSNczyZq4qP5Qztg&oe=68F2DD05&_nc_sid=d885a2,,,,2025-10-13T15:57:11.740Z,2025-10-13T15:57:32.602Z,hydrated
https://www.instagram.com/reel/DH_AoGFSLF4,nykaa fashion,the.estd,The Established,"If you‚Äôve ever relied on a concealer that actually does its job, or found a sunscreen that doesn‚Äôt leave a grey cast, this is your moment.

Nykaa‚Äôs Best in Beauty Awards return with a line-up that spans make-up, skincare, fragrance, and grooming‚Äîcovering international staples, Indian favourites, and the occasional viral product. Think: the moisturiser that quietly fixed your skin barrier, the blush that didn‚Äôt fade by lunchtime, or the shampoo you kept rebuying without thinking twice.

Voting is now open. Pick the products that deserve the label of everyday essentials. No algorithms, no trending tabs‚Äîjust your take. What‚Äôs more? Lucky voters stand a chance to win bumper prizes. 

To vote, head to Nykaa.com/nykaabestinbeauty2025 now. Link in bio. 

#NykaaBestInBeauty #Nbib2025",,793789,https://instagram.flca1-2.fna.fbcdn.net/v/t51.2885-15/488416835_18025876418662284_610958845125505000_n.jpg?stp=c0.656.1688.1688a_dst-jpg_e35_s640x640_sh0.08_tt6&_nc_ht=instagram.flca1-2.fna.fbcdn.net&_nc_cat=100&_nc_oc=Q6cZ2QHjj1FACCG3U6fXCWA8nlFwdmFvG0cOci6EBbf_nOfxtiJKW3xiLms4uHTgo5kYnPw&_nc_ohc=8LXesBXsaL8Q7kNvwFLLbNv&_nc_gid=9Uh-FiZHGIFLMY91Ips1UA&edm=ANTKIIoBAAAA&ccb=7-5&oh=00_AfeeO4t01LiiI15PCR9fR_3naXweapbWPxYCj1fv7lAeyQ&oe=68F2FF12&_nc_sid=d885a2,,,,2025-10-13T15:57:11.740Z,2025-10-13T15:57:32.602Z,hydrated
https://www.instagram.com/reel/C8hJWcaJe3v,nykaa fashion,panthi_22,‚Ä¢ùôãùòºùôâùôèùôÉùôÑ ùôéùôÉùòºùôÉ‚Ä¢,"One of my biggest @mynykaa campaigns- Nykaa Pink Summer Sale üåªüíñ

With @kajal__bhansali and our A-team üíñ
So special and so close to my heart ‚ô•Ô∏è",,4868,https://instagram.fgig29-1.fna.fbcdn.net/v/t51.2885-15/503556233_1434609787715238_9060747494021280148_n.jpg?stp=c0.359.926.926a_dst-jpg_e15_s640x640_tt6&_nc_ht=instagram.fgig29-1.fna.fbcdn.net&_nc_cat=106&_nc_oc=Q6cZ2QHOi6Or4B7iD32kY27Y852iSAya3PM2ERyrUD5azAVne70sTw6-OIsWbRGAoYl-S0k&_nc_ohc=Xuq9F3RJ4aMQ7kNvwHH85WL&_nc_gid=GURabDBojtI4qA4DsdAohw&edm=ANTKIIoBAAAA&ccb=7-5&oh=00_AfcyHYmRra3mTYbdzRXUFWZ5xVbVm_1Sj8qv9njhLNeZvw&oe=68F308BD&_nc_sid=d885a2,,,,2025-10-13T15:57:11.740Z,2025-10-13T15:57:32.602Z,hydrated
https://www.instagram.com/reel/C9cse-_yqzG,nykaa fashion,zeel_nahar,zeel nahar,"drop ""nykaa"" for üîó

1. Perfume - @plumbodylovin 

2. Sunscreen - @aqualogica.in 

3. Facial razors - @carmesi_official 

4. Body razors - @gillettevenus 

5. Guasha stone - 

6. Hairmask - @mynykaa @nykaacosmetics 

7. Lip sleeping mask - @laneige_in @laneige_us 

8. Lifter lip gloss - @maybelline_ind @maybelline 

9. Concealer - @starscosmeticsindia 

[for you page, explore, mumbai, nykaa haul, myntra haul, luxury haul, amazon, guasha stone, lip gloss, lip oil, rare beauty, tirtir, maybelline, Clinique, rhode, concealer, beauty haul, makeup haul, makeup recommendations, ajio luxe, ulta beauty, sephora]",,3376,https://instagram.fkul16-4.fna.fbcdn.net/v/t51.2885-15/497405663_1220234706554851_5347858308246561283_n.jpg?stp=c0.280.720.720a_dst-jpg_e15_s640x640_tt6&_nc_ht=instagram.fkul16-4.fna.fbcdn.net&_nc_cat=107&_nc_oc=Q6cZ2QGv4oO6rxV53aQeFtQCEqp1BBAD1hGUUb0kROHweCS44LZSR0W3gCCsYHV9uNy2D5s&_nc_ohc=YSedKJC3SoMQ7kNvwEO2_45&_nc_gid=5fzF3IyaxbzsqKnH8cGnvw&edm=ANTKIIoBAAAA&ccb=7-5&oh=00_AfeZEDpYn97JPETnTi3y8qrOfN0X5_GTnCNJzhJ_BJbq4A&oe=68F2DC6D&_nc_sid=d885a2,"Mumbai, Maharashtra, India",,,2025-10-13T15:57:11.740Z,2025-10-13T15:57:32.602Z,hydrated
https://www.instagram.com/reel/DNf1HlRJ77p,nykaa fashion,gauravguptaofficial,Gaurav Gupta,"Beauty became architecture.

With @mynykaa @nykaaluxe and @namratasoni , makeup wasn‚Äôt an afterthought. It was built into the garment‚Äôs emotion. Silver lids shimmered like constellations, vivid blush mirrored ombr√© beadwork, and sculpted infinity liners echoed the embroidery‚Äôs precision.

Together @namratasoni and @ggpanther shaped a new language for the modern bride with @mynykaa @nykaaluxe - bold, intentional, unforgettable.

#GauravGupta #GauravGuptaCouture #NykaaLuxe #BridalBeautyByNykaaLuxe",,72955,https://instagram.ftow1-1.fna.fbcdn.net/v/t51.2885-15/534537898_1097413315350953_858724580778931733_n.jpg?stp=c0.248.640.640a_dst-jpg_e15_tt6&_nc_ht=instagram.ftow1-1.fna.fbcdn.net&_nc_cat=105&_nc_oc=Q6cZ2QE-RJcoftymbMnXRNizooeSRkRBTsFhJ6WbM-VC0LuyDMOK5wCWINzWcgB5x2TCfdA&_nc_ohc=6g_KM2SpckMQ7kNvwEfjx9i&_nc_gid=OIDtCeBTqOQsoikAWE1i1g&edm=ANTKIIoBAAAA&ccb=7-5&oh=00_Affhuj70jA2qJ46SmLNfS1YIfg9f1BKP8kjq_BVi68WgDw&oe=68F2EE51&_nc_sid=d885a2,,,,2025-10-13T15:57:11.740Z,2025-10-13T15:57:32.602Z,hydrated
https://www.instagram.com/reel/DNInO6kzumv,nykaa fashion,libasindia,Libas,"üö™Knock knock‚Ä¶ who? Oh, just your chic desi padosan üòâserving a perfect dose of fashion. üíúüíÉüòç

Shop now: Link in Bio

#LibasIndia",,67570,https://instagram.fist12-2.fna.fbcdn.net/v/t51.2885-15/530369614_2330237790706714_3372428400844498399_n.jpg?stp=c0.248.640.640a_dst-jpg_e15_tt6&_nc_ht=instagram.fist12-2.fna.fbcdn.net&_nc_cat=110&_nc_oc=Q6cZ2QE-_ifK3oq-ZUdoUaD9HVzuK-NYgirdFk0ovF79RD3Fgca_-OBCyosJZUhyd9BHgbE&_nc_ohc=FJHj6BRExbEQ7kNvwHgDBcQ&_nc_gid=WZwx89H6o1b-dIOu4IsuTQ&edm=ANTKIIoBAAAA&ccb=7-5&oh=00_AfeSbleW80f4OqiPbISg83H4LxCAdSFW1T9igZsQD5rF1Q&oe=68F2F5F1&_nc_sid=d885a2,,,,2025-10-13T15:57:11.740Z,2025-10-13T15:57:32.602Z,hydrated
https://www.instagram.com/reel/CT8vAMeKuhg,nykaa fashion,designpataki,Design Pataki,"@nykaafashion X @designpataki 
A glimpse at Design Pataki's virtual table styling masterclass for Nykaa Fashion. From styling with greens to creating custom place cards, we had a blast putting together this look with the sharp decor and dinnerware accents from Nykaa Fashion. ""Nykaa and Nykaa Fashion have been my go-to for beauty and fashion for years now, and I can safely say that their home decor vertical has surpassed all expectations."" - Esha Gupta, Founder, Design Pataki
@guptaesha 

#architects #architecture #design #interiordesign #architecturelovers #architect #architecturephotography #archilovers #construction #interior #archdaily #art #architectural #building #arch #homedecor #architecturedesign #interiors #interiordesigner #home #designer #designers #interiordesigners #homedesign #nykaa #nykaafashion",,22753,https://instagram.ftfl2-1.fna.fbcdn.net/v/t51.2885-15/496518595_1086011163332089_2605693036016591173_n.jpg?stp=c0.210.540.540a_dst-jpg_e15_tt6&_nc_ht=instagram.ftfl2-1.fna.fbcdn.net&_nc_cat=101&_nc_oc=Q6cZ2QFdwT4Kdhsta6iRZPxbLntoz7mfwT-LsZrhbrM4q0XxUgRD2m52Kv-SqpE8Qziateo&_nc_ohc=Qq_G9MdMPIYQ7kNvwEwTt9Y&_nc_gid=pGza5CxVq2DiY53xOfTLrw&edm=ANTKIIoBAAAA&ccb=7-5&oh=00_AfdPXC78bgddAwcai3w6nCitSpH0BRIC6qmhWJpTHhuUIQ&oe=68F304DF&_nc_sid=d885a2,,,,2025-10-13T15:57:11.740Z,2025-10-13T15:57:32.602Z,hydrated
https://www.instagram.com/reel/CGFnjwinXzI,nykaa fashion,garima_banka,Garima Banka,".
.
Yes Nykaa is my go to site when it comes to cosmetics! 
.
Products used in the video and which I completely swear by are-
1. Faces Canada Ultimate PRO HD Glow Highlighter- Glaze
2. Nykaa Made to Last Liquid Lipstick URJA24
3. Huda Beauty Desert Dusk Eyeshadow Palette 
4. Loreal Paris Voluminous Lash Paradise Mascara
5. Estee Lauder Double Wear Stay in Place Makeup with SPF10- Outdoor Beige
.
.
Oh, and yes the outfit is by my favourite designer- @mac_talreja @mehektalrejaind 
.
.
Hope you guys liked the video! ‚ù§Ô∏è
@mynykaa @nykaabeauty
.
.
#reelkarofeelkaro #desiinfluencer #reelitfeelit #thursdayvibes #makeuplove #makeuplook #partyvibe #partylook #dressedup #nykaa #nykaacosmetics #mynykaa #influencer #blogger #kolkatablogger #fashionandlifestyleblogger #kolkatamoms #styleinspo #glambabe #alwaysinstyle #dressup #dowhatyoulove #lovewhatyoudo #instadaily #instagood #votd #lotd",,2920,https://scontent-vie1-1.cdninstagram.com/v/t51.2885-15/503981709_744956231292438_5891074331664567511_n.jpg?stp=c0.280.720.720a_dst-jpg_e15_s640x640_tt6&_nc_ht=scontent-vie1-1.cdninstagram.com&_nc_cat=106&_nc_oc=Q6cZ2QE3IhbkqtFnAs0HJVjAFTFVhIhcxNqDAPI4iUigWzfxIcBXSWC4atySxpkSzjG9lcw&_nc_ohc=NtuXCU2ge2cQ7kNvwEEcEvb&_nc_gid=UIJxFnHGosWZEI8EL2so3Q&edm=ANTKIIoBAAAA&ccb=7-5&oh=00_AfcRjYKD4NH796YrQ2j-3pvObpvy9gPzUPTRRnSmnijygw&oe=68F2F5CF&_nc_sid=d885a2,,,,2025-10-13T15:57:11.740Z,2025-10-13T15:57:32.602Z,hydrated
https://www.instagram.com/reel/DMkk5bovJD8,nykaa fashion,thestageofindia,Badar ahamad Siddiqui,"Shoots that speak, reels that trend! From product shoots to catalog shoots, from influencer reels to full-scale social media marketing ‚Äì we take your brand to the next level. Proudly creating magic with Nykaa Fashion ‚Äì where style meets creativity. üöÄ‚ú®

Mail us at alaansiddiqui43@gmail.com info@thestageofindia.co.in 

 #TheStageOfIndia #NykaaFashion #ProductShoots #CatalogShoots #ReelsShoot #SocialMediaMarketing #NextLevelContent #TrendingWithUs"" #mumbaiproductionhouse #production",,4984,https://instagram.fdac134-1.fna.fbcdn.net/v/t51.2885-15/524692064_18394825957142462_754141992030032122_n.jpg?stp=c0.210.540.540a_dst-jpg_e15_tt6&_nc_ht=instagram.fdac134-1.fna.fbcdn.net&_nc_cat=102&_nc_oc=Q6cZ2QF38jpOuIWdWa6W98dESTbS4-3RJoU_quHydxPddvKwnpY4T_l69xKQNS7mP4srpak&_nc_ohc=J8ROeQuG3mUQ7kNvwHnyHuu&_nc_gid=Ji-93rqVz5BNfaCPTc2N6g&edm=ANTKIIoBAAAA&ccb=7-5&oh=00_Afe5AemIMSF5PvrkLN2X6cVpGZzJKKdX5qKj-ySO3vwlWA&oe=68F2FE51&_nc_sid=d885a2,"Mumbai, Maharashtra",,,2025-10-13T15:57:11.740Z,2025-10-13T15:57:32.602Z,hydrated
https://www.instagram.com/reel/DPCIaGyE7IG,nykaa fashion,dis_cultured,Discultured,"Discultured is hopping on the trend (5120 x 1080).
.
.
.
#discultured #hoppingonthetrend #5120x1080 #follow #share #tag",,54,https://instagram.fbsr1-2.fna.fbcdn.net/v/t51.2885-15/553496619_1865171711079977_4841295173999929177_n.jpg?stp=c253.0.134.134a_dst-jpg_e15_tt6&_nc_ht=instagram.fbsr1-2.fna.fbcdn.net&_nc_cat=105&_nc_oc=Q6cZ2QFbPgnCd23nOW9HgOsttIIAngomVsnYbR2Ygs3JEjl4liwTl2A13x0cT1A6_oK0gvw&_nc_ohc=YzJFuuWf8ScQ7kNvwEpZK2g&_nc_gid=Fw84To05s9Fjs-v1n4DVWQ&edm=ANTKIIoBAAAA&ccb=7-5&oh=00_Afehn6gB9QuvyMgpFl1o53Nk8I9hjYRhAidH98rxynKeQw&oe=68F2FBC1&_nc_sid=d885a2,,,,2025-10-13T15:57:11.740Z,2025-10-13T15:57:32.602Z,hydrated
https://www.instagram.com/reel/C66fdiOyONj,nykaa fashion,ajiolife,AJIO,"Get set to raise the temperatures with ‚ÄòThe Summer Hit‚Äô, our curated style edit for Superdry, feat. @kartikaaryan. As we created this ‚Äògrunge summer‚Äô narrative with Kartik, we did a deep dive into his style-state-of-mind, giving us insights on how he brings his boy-next-door persona into his fashion choices. To read more from the epic shoot we had with Kartik, and to shop the look, checkout the TRNDin section on the AJIO app!

Link in bio to read and shop!

#AJIOXSUPERDRYKARTIKARYAN #TheSummerEdit #AjioLove
#HouseOfBrands",,19555,https://instagram.ffor12-1.fna.fbcdn.net/v/t51.2885-15/503951608_1070879598271881_7909581513958238545_n.jpg?stp=c157.0.405.405a_dst-jpg_e15_tt6&_nc_ht=instagram.ffor12-1.fna.fbcdn.net&_nc_cat=109&_nc_oc=Q6cZ2QFSUXp40upgU81tLLSWxTvnxxXZfaNm297QkyL5raPrvPUb0gCgCkEO-DjXRtKzjYE&_nc_ohc=7cVDY_gVhPcQ7kNvwHvROaf&_nc_gid=859amP_rvQaDZIZxc7iY8Q&edm=ANTKIIoBAAAA&ccb=7-5&oh=00_AfeSjfec0Ux4ezbxoOEo0DT9BDBK0n48aUA42957Vn4N2w&oe=68F2FD0B&_nc_sid=d885a2,,,,2025-10-13T15:57:11.740Z,2025-10-13T15:57:32.602Z,hydrated
https://www.instagram.com/reel/Ch4q61XpUyl,nykaa fashion,thevogueandfit,Vikram Soni,"Nykaa just launched a new brand @gentlemens.crew_ to cater Men‚Äôs grooming needs!! 

Love the deodorants which has salient features of 48Hr Active, Stain Free, Irritation Free, 0% Aluminium Salts -- Safe on Skin, Anti-Microbial and 100% Toxin Free !!

Exclusively available at Nykaa.com and Nykaa Stores
Price - ‚Çπ399/- !! 

Tag your two friends and encourage them to join the crew !! 

#JoinTheCrew #nykaagentlemenscrew #NykaaMan #Nykaa #mensgrooming #mensgroomingproducts #mensgroomingtips #deodorant #reelsindia #reelit #reelkarofeelkaro #trendingReels #trendingaudio #trendingreelsvideo #groomingformen",,32472,https://instagram.fdel27-7.fna.fbcdn.net/v/t51.2885-15/497942238_1374466693610393_5737149649580895046_n.jpg?stp=c0.280.720.720a_dst-jpg_e15_s640x640_tt6&_nc_ht=instagram.fdel27-7.fna.fbcdn.net&_nc_cat=105&_nc_oc=Q6cZ2QHZAqcNSYAyyHR-i2hS7ULSZKUgBF2hUDEfOeUtAfYOMPb0XUgECqL_mte7qSa6W-E&_nc_ohc=s3jB1EpWRB0Q7kNvwHfArum&_nc_gid=9yKPltXnGf9cxUTh9OsNQA&edm=ANTKIIoBAAAA&ccb=7-5&oh=00_AfdX3IXRb0uZ4Ogb4yrQzGeZF3VLvleVEKPr8g9i1QIlQw&oe=68F2E0AC&_nc_sid=d885a2,"Mumbai, Maharashtra",,,2025-10-13T15:57:11.740Z,2025-10-13T15:57:32.602Z,hydrated
https://www.instagram.com/reel/DJJVdAITmwo,nykaa fashion,shreemayireddyy,Shreemayi Reddyüí´,"New launches nykaa haul‚ô•Ô∏è‚ú®

Got my hands on some super interesting drops from Nykaa and I‚Äôm lowkey obsessed!

@nexxushaircare Promend Oil Resurrection Hair Serum
 @dotandkey.skincare Strawberry Bright 10% Niacinamide Serum
 @hudabeauty Blush Filter
 @nykaacosmetics Lolli Lips pH Colour-Changing Lip Tint

These are must-trys ‚Äî totally worth the hype.
Comment below if you want the links‚ú®

#NykaaHaul #NewLaunches #SkincareFinds",,188172,https://scontent-gru1-2.cdninstagram.com/v/t51.2885-15/495311888_18501973207009320_4781339418868534616_n.jpg?stp=c0.279.720.720a_dst-jpg_e15_s640x640_tt6&_nc_ht=scontent-gru1-2.cdninstagram.com&_nc_cat=100&_nc_oc=Q6cZ2QFS4w9o7xPrZvJn2FuJsNdY1bjhAQ_Vx4-ioL__Uli1zwha_cpg1T47H25CPChaS2s&_nc_ohc=mTODDZjN2rEQ7kNvwG5KQGl&_nc_gid=Jdh43_D5e_vpQLkRyrvSkA&edm=ANTKIIoBAAAA&ccb=7-5&oh=00_AffITW6XTazumKB8R5TskjTytte2XSKZotLPPwMnfzSfDw&oe=68F2E92E&_nc_sid=d885a2,,,,2025-10-13T15:57:11.740Z,2025-10-13T15:57:32.602Z,hydrated
https://www.instagram.com/reel/DMDQI0RvsOd,nykaa fashion,like_a_watercolor,Tanusree Sahaü§ç,"Nykaa haul üíÑüíãüíÖ

#nykaa #nykaahaul #makeup #skincare #cosmetics",,122,https://instagram.fkiv6-1.fna.fbcdn.net/v/t51.2885-15/518610315_18393784438139991_1720785523377960732_n.jpg?stp=c0.280.720.720a_dst-jpg_e15_s640x640_tt6&_nc_ht=instagram.fkiv6-1.fna.fbcdn.net&_nc_cat=103&_nc_oc=Q6cZ2QF3PWVfYwYv0m4pR__M-88Zt9LXDZOd08D2Ajb_QmBb_GMi_02Wn0Js8mB2cqVlWS8&_nc_ohc=g6zczehSUDQQ7kNvwE1Mmqp&_nc_gid=ga1rPvJfgHBRpRqb45uzCA&edm=ANTKIIoBAAAA&ccb=7-5&oh=00_AfdN0fUUlkSOnSNuZBQs7295Phwo6yv5kWg-Mj3dkkgm4w&oe=68F307FD&_nc_sid=d885a2,,,,2025-10-13T15:57:11.740Z,2025-10-13T15:57:32.602Z,hydrated
https://www.instagram.com/reel/DNsvsTm4qnv,nykaa fashion,thisisoliva_,Oliva | Digital Content & UGC Creator,"SAVE THIS REEL FOR YOUR NEXT SKINCARE MUST HAVES BUYS!!
.
Comment ""Link"" for the Products to go straight into your DMs!
.
skincare steals from the nykaa hot pink sale one should def try their hands on! üíï 
Part one of my nykaa hot pink sale haul ‚ú® this one is all about skincare must-haves i‚Äôve been eyeing for a while. üòå part two is coming soon with makeup and hair care faves üëÄüíñ did you grab anything from the Nykaa hot pink sale?
.
SEND THIS TO YOUR SKINCARE JUNKIE FRIEND!!!! 

#nykaahaul #hotpinksale #nykaaindia #skincarehaul #makeuphaul #haircarehaul #beautyhaul #skincareindia #makeupindia #nykaafinds #beautycommunityindia #beautyinspo

nykaa haul, nykaa hot pink sale, skincare haul, makeup haul, hair care haul, beauty haul india, beauty shopping, skincare must haves, nykaa skincare, nykaa makeup, nykaa haircare

.

‚Äúwhat should i share next from my nykaa haul? üëÄ‚Äù

.

‚Äúwhat should i share next from my nykaa haul? üëÄ‚Äù",,626,https://scontent-gru1-2.cdninstagram.com/v/t51.2885-15/537363532_18011391077790171_7920696780610664248_n.jpg?stp=c0.210.540.540a_dst-jpg_e15_tt6&_nc_ht=scontent-gru1-2.cdninstagram.com&_nc_cat=103&_nc_oc=Q6cZ2QENbFRUspNgWVYNOKSwQdjyX55TU0X7EwzvSIDkkOz_041ZgZTXgYqQBi9lNbNVF0Q&_nc_ohc=CRuhMcnA_4gQ7kNvwGfAZfT&_nc_gid=bNcnQFJDayGrMmwu6O6nsQ&edm=ANTKIIoBAAAA&ccb=7-5&oh=00_AfcbQHK8xP2C2QtMF_k-j4oRqxe8b_UTCEXSREzBOwZ_YQ&oe=68F2FC6C&_nc_sid=d885a2,Conrad Bengaluru,,,2025-10-13T15:57:11.740Z,2025-10-13T15:57:32.602Z,hydrated
https://www.instagram.com/reel/C3clBtDBBuM,nykaa fashion,shreemayireddyy,Shreemayi Reddyüí´,"Unsponsored Nykaa Sale Haulüíï

Sale is my favorite time to shop and restock. 
Here are my picks from this saleü§ç 
Comment down for links and a coupon code. I‚Äôll post on stories ‚ú®",,63238,https://instagram.faep8-2.fna.fbcdn.net/v/t51.2885-15/503084500_1120597736542910_6271034108878496444_n.jpg?stp=c0.280.720.720a_dst-jpg_e15_s640x640_tt6&_nc_ht=instagram.faep8-2.fna.fbcdn.net&_nc_cat=102&_nc_oc=Q6cZ2QGmX1PRyJzTYpCyCfT830Nl8KmGIQ2ENqEoJ8YsTkqTL866DrezOSJNnWFPWpvVHfc&_nc_ohc=XjYP1LibVJ8Q7kNvwEmx_ac&_nc_gid=_HE583iMznU5h9CSq4kZMA&edm=ANTKIIoBAAAA&ccb=7-5&oh=00_AffKKwePU1Ta6AV7rK_wqwN_Q1kZoVI95DoYKfZfOVE67Q&oe=68F30DEA&_nc_sid=d885a2,,,,2025-10-13T15:57:11.740Z,2025-10-13T15:57:32.602Z,hydrated
https://www.instagram.com/reel/DNhjL18ygDJ,nykaa fashion,transformwithpooja,transformwithpooja,"My first Nykaa haul ASMR üíÑü™û

[ Nykaa, haul, products, reviews, asmr, Nykaa luxe, beauty, cosmetics, brands, laneige lip gloss, Burberry, Bobbi brown, highlighter, fyp ] 

.
.
#nykaaluxe #nykaaluxehaul #products #beautycosmetics #productreview #brands #fashion #makeupproduct #perfume #lipgloss #laneigelipgloss #burberry #bobbibrownhighlighter #productasmr #instagramproducts #reviews #myfirsteverhaul #instahaul #brands #fypage #instamood #instareel",,3519,https://instagram.fqpa1-1.fna.fbcdn.net/v/t51.2885-15/534576805_18123840511475092_6541302109221481970_n.jpg?stp=c0.501.1290.1290a_dst-jpg_e35_s640x640_sh0.08_tt6&_nc_ht=instagram.fqpa1-1.fna.fbcdn.net&_nc_cat=104&_nc_oc=Q6cZ2QGRddhpCcM0PqeeBXCqNiIBa-geDIuOeJPHOoe9Hnmldo_ok4fh5HyF5KEyvYukFmI&_nc_ohc=Kvd4lSeNnFIQ7kNvwHN_v__&_nc_gid=UIiSb6Us7_GgoJent3pu2Q&edm=ANTKIIoBAAAA&ccb=7-5&oh=00_Afd-3bZkQtfwe1XBKoC-YABGDKYiz9bPdeCJvWA2GmYYRw&oe=68F2DB1B&_nc_sid=d885a2,,,,2025-10-13T15:57:11.740Z,2025-10-13T15:57:32.602Z,hydrated
https://www.instagram.com/reel/DNkvSwYocP4,nykaa fashion,sparkletalents,SPARKLE TALENT MANAGEMENT,"#SparkleModel ~ VEDIKA for @nykaacosmetics 
When you give up on being a Maharani, but Maharani doesn‚Äôt give up on youü§≠

Matte to Last gives you princess treatment with 16 hour long wear!üíï 

Model is wearing the shade Maharaniüëë

( nykaa cosmetics, matte to last, new launch, 16 hour long stay, makeup, beauty, haul ) #sparkletalentmanagement @sparkletalents @vedik.aa",,262,https://scontent-cdg4-2.cdninstagram.com/v/t51.2885-15/536257346_1466123104813944_3664380189087920402_n.jpg?stp=c0.248.640.640a_dst-jpg_e15_tt6&_nc_ht=scontent-cdg4-2.cdninstagram.com&_nc_cat=100&_nc_oc=Q6cZ2QGUEf0wIy5lE66ZDckfwYX0-orUc1W9EudAB5OIKSz4t8Nj8kX0RIxVI734_dCUudw&_nc_ohc=GuoON2eR1SYQ7kNvwGknfem&_nc_gid=0POKrEsDcVqq-KdhdtRL7w&edm=ANTKIIoBAAAA&ccb=7-5&oh=00_AfeHdJTo3UTetOc8IlUYy4PKsj1b6WYquEVO-Kb6D4x62A&oe=68F2DDFD&_nc_sid=d885a2,,,,2025-10-13T15:57:11.740Z,2025-10-13T15:57:32.602Z,hydrated
https://www.instagram.com/reel/DOx5vGOCkQL,nykaa fashion,sparkletalents,SPARKLE TALENT MANAGEMENT,"#Sparklemodel ~ AARNA for @nykaacosmetics 

Lipstick reapplication? Nope, couldn‚Äôt be meüôÖüèª‚Äç‚ôÄÔ∏è when Matte To Last‚Äôs intense colour pay-off lasts for up to 16 hours‚ÄºÔ∏è

(Nykaa cosmetics, new launch, matte to last, bullet lipstick, beauty, makeup, haul) #sparkletalentmanagement @sparkletalents @aarnasalla",,220,https://instagram.fscl36-1.fna.fbcdn.net/v/t51.2885-15/550726951_638536932383550_1326960670103173984_n.jpg?stp=c0.248.640.640a_dst-jpg_e15_tt6&_nc_ht=instagram.fscl36-1.fna.fbcdn.net&_nc_cat=106&_nc_oc=Q6cZ2QGCldmKesk5tEFkH93hxfGUYSPX8qO3I-1RByC2k0k7NxAiRCNZ32AQ4nme5rz21XA&_nc_ohc=1Ts-3XxOBXkQ7kNvwFqvZNg&_nc_gid=lqS-5mIqfG4eKbgEOsl-EQ&edm=ANTKIIoBAAAA&ccb=7-5&oh=00_Affpu3gZU5Gw5Sp5qrsQFKCTmyKlIybT5OdMspKgt19ajw&oe=68F2F8F5&_nc_sid=d885a2,,,,2025-10-13T15:57:11.740Z,2025-10-13T15:57:32.602Z,hydrated
https://www.instagram.com/reel/DNHrPZZvn73,nykaa fashion,amrutha_naiduu__,,"Non-sponsored review of max factor products 

Will update all the links üîó 

When I first got the opportunity to collab , I don‚Äôt even know the brand . But then I thought what not try new brands and review them for you guys . 

(Try on haul, makeup, review , non-sponsored)

#nykaa #fashion #hyderabad #fashionblogger #instalike #hyderabadblogger #instagood #hyd #instadaily #hyderabadinfluencer #makeup",,1660,https://scontent-bos5-1.cdninstagram.com/v/t51.2885-15/533173520_18380953771193923_1293556194875653580_n.jpg?stp=c0.280.720.720a_dst-jpg_e15_s640x640_tt6&_nc_ht=scontent-bos5-1.cdninstagram.com&_nc_cat=107&_nc_oc=Q6cZ2QER9DLd-Js4B4_7FYfr20P2Yl88Ku5yYOsMR5VitMTHfAIJWAdw-EE3kBrxdevUYiI&_nc_ohc=LjgYEsfJWswQ7kNvwEXhH4l&_nc_gid=5Q5RvfS7Bx2bIYr14Ir7fA&edm=ANTKIIoBAAAA&ccb=7-5&oh=00_Afen07Jl0RgOqSa7KKPWQkDDL_62E40bJNjRqYt_2hPCYQ&oe=68F2EC82&_nc_sid=d885a2,,,,2025-10-13T15:57:11.740Z,2025-10-13T15:57:32.602Z,hydrated
https://www.instagram.com/reel/DLckImPSqZW,nykaa fashion,ishleensethimua,Ishleen Sethi,"American haul video!!! üíïüòç
.
.
#fyp #photooftheday #selfie #fypage #instagood #instagram #motd #ootd #instalike #instafashion #reelsinstagram #reels #reelitfeelit #friday ##winter #weddingseason #hm  #zara #wednesday #Wednesday motivation #hairgoals #hairstick #hairstyles #makeupartist

( Makeup , bridal , bridal makeup , bride , brides , makeup artist , wedding , indian bride , wed me good , wedding sutra , wedding wire , big fat wedding , PoV , trending , consumer jewellery , reels , viral , popular , isharya , nykaa fashion ,nykaa beauty )",,34,https://instagram.frgl3-1.fna.fbcdn.net/v/t51.2885-15/513841248_1266727141729040_4833694644361370455_n.jpg?stp=c0.248.640.640a_dst-jpg_e15_tt6&_nc_ht=instagram.frgl3-1.fna.fbcdn.net&_nc_cat=108&_nc_oc=Q6cZ2QFsst5dnKj2EtKoVwbwTYpTs4E2FQpnCEjkY1wmV1fylEgzaf-Kx7DmslP5wV5-xFY&_nc_ohc=BrunKb7gZMEQ7kNvwHnT4JA&_nc_gid=mJ3bzQf5ZmLM8hZ5FjgbTg&edm=ANTKIIoBAAAA&ccb=7-5&oh=00_AfeAFFMUZCFytZvQWj7OtATiIADSXt1_lAZMS93WACaBEQ&oe=68F2EB44&_nc_sid=d885a2,"Mumbai, Maharashtra",,,2025-10-13T15:57:11.740Z,2025-10-13T15:57:32.602Z,hydrated
