Task ID,Task Name,Description,Effort Level,Effort Numeric (1-5),Estimated Hours,Priority,Sprint Week,Dependencies,Files Affected Count,Files Affected,Technical Complexity,Business Impact,Risk Level
S1-T01,Sidebar Pinned by Default,Update default user preferences to have sidebar pinned on first login,Trivial,1,1,Low,2,None,2,lib/db/schema.ts (user preferences) | app/components/Sidebar.tsx,Simple state management change,"UX improvement, minor retention boost",Very Low
S1-T02,Remove Indian Filtering,Remove geo-filtering logic that excludes Indian creators from results,Trivial,1,1.5,High,1,None,3,lib/platforms/tiktok-client.ts | lib/platforms/instagram-client.ts | lib/platforms/youtube-client.ts,"Simple filter removal, may need to verify no downstream dependencies","Expands search results, improves international coverage",Low - just removing logic
S1-E01,Google Analytics Integration,Add GA4 tracking script and configure basic page view tracking,Easy,2,4,Medium,1,None,4,app/layout.tsx | lib/analytics/google-analytics.ts (new) | .env.development | .env.production,"Next.js Script component integration, environment config",Essential for marketing attribution and user behavior analysis,Low - standard integration pattern
S1-E02,LogSnag Event Tracking,"Integrate LogSnag API for key events (signup, trial, purchase, campaign creation)",Easy,2,6,Medium,2,None,4,lib/events/logsnag.ts (new) | app/api/auth/signup/route.ts | app/api/scraping/[platform]/route.ts | lib/services/subscription-service.ts,REST API integration with event triggers,Real-time operational monitoring and alerting,Low - async fire-and-forget events
S1-E03,Coupon Code Bypass System,Add Stripe checkout coupon functionality to grant free access for seeding creators,Easy,2,8,Medium,2,None,4,app/api/billing/create-checkout-session/route.ts | lib/db/schema.ts (user_billing table) | app/components/billing/CheckoutForm.tsx (new) | supabase/migrations/XXX_add_coupon_tracking.sql (new),Stripe API integration with coupon validation,Critical for creator seeding strategy and partnerships,Medium - payment flow changes require careful testing
S1-M01,Google Tag Manager + Server-Side Events,"Configure GTM container, set up server-side tracking for signup, trial, purchase events",Medium,3,12,High,1,['S1-E01'],6,app/layout.tsx | lib/analytics/gtm.ts (new) | lib/analytics/server-events.ts (new) | app/api/events/track/route.ts (new) | .env.development | .env.production,"GTM container setup, server-side event API, conversion tracking configuration",Essential for ad campaign optimization and ROAS measurement,Medium - requires testing across multiple ad platforms
S1-M02,TikTok Similar Creator Enhancement,Improve/crack TikTok similar creator search beyond current InfluencersClub API limitations,Medium,3,16,High,1,None,3,lib/platforms/tiktok-client.ts | app/api/scraping/tiktok-similar/route.ts | test-scripts/tiktok-similar-test.js,"May require new API provider research, TikTok Research API integration, or custom scraping",Differentiating feature for competitive analysis use case,Medium-High - depends on data source availability and reliability
S1-M03,AI Keyword Suggestions System,LLM-powered keyword expansion from user prompts to improve search accuracy,Medium,3,20,Very High,1,None,5,app/api/ai/suggest-keywords/route.ts (new) | lib/ai/keyword-expander.ts (new) | app/components/campaign/KeywordSuggestionUI.tsx (new) | supabase/migrations/XXX_add_keyword_suggestions.sql (new) | lib/db/schema.ts (keyword_suggestions table),"LLM integration (OpenAI/Anthropic), prompt engineering, UI for suggestion acceptance","HUGE - solves major user friction point, increases search quality, reduces bounce rate","Medium - LLM costs need monitoring, suggestion quality needs validation"
S1-M04,Creator Cards/Profiles (Gemz Integration),"Enhanced creator profile modal with detailed stats, contact info, social links",Medium,3,18,High,2,None,4,app/components/results/CreatorCard.tsx | app/components/results/CreatorProfileModal.tsx (new) | lib/services/creator-enrichment.ts (new) | app/api/creators/[id]/profile/route.ts (new),"UI component design, data aggregation from multiple sources, responsive design","Critical UX improvement, increases time-on-site and decision confidence",Low - pure frontend enhancement with backend data aggregation
S1-M05,FirstPromoter Affiliate Integration,"Integrate affiliate tracking system with referral links, commission tracking, and payout management",Medium,3,20,High,2,['S1-E03'],6,app/api/affiliates/webhook/route.ts (new) | lib/services/affiliate-service.ts (new) | supabase/migrations/XXX_add_affiliates.sql (new) | lib/db/schema.ts (affiliates table) | app/components/affiliates/Dashboard.tsx (new) | app/api/auth/signup/route.ts (referral tracking),"Webhook integration, referral tracking cookies, commission calculation logic",Growth multiplier - enables partner/influencer-driven acquisition,"Medium - financial calculations must be accurate, requires thorough testing"
S1-H01,Instagram Keyword Search (Crack Implementation),Build true keyword/hashtag search for Instagram beyond current Reels/Similar limitations,Hard,4,32,Critical,1,None,5,lib/platforms/instagram-client.ts | app/api/scraping/instagram-keyword/route.ts (new) | lib/scrapers/instagram-hashtag-scraper.ts (new) | test-scripts/instagram-keyword-test.js (new) | lib/services/instagram-enrichment.ts,"Instagram has no public keyword API - requires SERP scraping, Apify integration, or custom scraper. Need to handle rate limits, CAPTCHAs, data normalization","CRITICAL - Instagram is primary platform for influencer marketing, keyword search is table stakes","High - scraping is fragile, may need multiple fallback strategies"
